<appaction uniquename="ascentn__Mscrm.SubGrid.{!EntityLogicalName}.Assign!ascentn_agilexrmapp!ascentn_agilepointsystemtask!3">
  <appmoduleid>
    <uniquename>ascentn_agilexrmapp</uniquename>
  </appmoduleid>
  <buttonlabeltext default="Assign {EntityLogicalNameCollectionMarker}">
    <label description="Assign {EntityLogicalNameCollectionMarker}" languagecode="1033" />
    <label description="Assign {EntityLogicalNameCollectionMarker}" languagecode="1025" />
    <label description="Assign {EntityLogicalNameCollectionMarker}" languagecode="1027" />
    <label description="Assign {EntityLogicalNameCollectionMarker}" languagecode="1031" />
    <label description="Assign {EntityLogicalNameCollectionMarker}" languagecode="3082" />
    <label description="Assign {EntityLogicalNameCollectionMarker}" languagecode="1036" />
    <label description="Assign {EntityLogicalNameCollectionMarker}" languagecode="1041" />
    <label description="Assign {EntityLogicalNameCollectionMarker}" languagecode="1043" />
  </buttonlabeltext>
  <buttontooltipdescription default="Make someone else the owner of these {EntityLogicalNameCollectionMarker}. &lt;br&gt;&lt;br&gt;If you want to keep ownership of the {EntityLogicalNameCollectionMarker}, yet let someone else work with them, select Share instead.">
    <label description="Make someone else the owner of these {EntityLogicalNameCollectionMarker}. &lt;br&gt;&lt;br&gt;If you want to keep ownership of the {EntityLogicalNameCollectionMarker}, yet let someone else work with them, select Share instead." languagecode="1033" />
    <label description="Make someone else the owner of these {EntityLogicalNameCollectionMarker}. &lt;br&gt;&lt;br&gt;If you want to keep ownership of the {EntityLogicalNameCollectionMarker}, yet let someone else work with them, select Share instead." languagecode="1025" />
    <label description="Make someone else the owner of these {EntityLogicalNameCollectionMarker}. &lt;br&gt;&lt;br&gt;If you want to keep ownership of the {EntityLogicalNameCollectionMarker}, yet let someone else work with them, select Share instead." languagecode="1027" />
    <label description="Make someone else the owner of these {EntityLogicalNameCollectionMarker}. &lt;br&gt;&lt;br&gt;If you want to keep ownership of the {EntityLogicalNameCollectionMarker}, yet let someone else work with them, select Share instead." languagecode="1031" />
    <label description="Make someone else the owner of these {EntityLogicalNameCollectionMarker}. &lt;br&gt;&lt;br&gt;If you want to keep ownership of the {EntityLogicalNameCollectionMarker}, yet let someone else work with them, select Share instead." languagecode="3082" />
    <label description="Make someone else the owner of these {EntityLogicalNameCollectionMarker}. &lt;br&gt;&lt;br&gt;If you want to keep ownership of the {EntityLogicalNameCollectionMarker}, yet let someone else work with them, select Share instead." languagecode="1036" />
    <label description="Make someone else the owner of these {EntityLogicalNameCollectionMarker}. &lt;br&gt;&lt;br&gt;If you want to keep ownership of the {EntityLogicalNameCollectionMarker}, yet let someone else work with them, select Share instead." languagecode="1041" />
    <label description="Make someone else the owner of these {EntityLogicalNameCollectionMarker}. &lt;br&gt;&lt;br&gt;If you want to keep ownership of the {EntityLogicalNameCollectionMarker}, yet let someone else work with them, select Share instead." languagecode="1043" />
  </buttontooltipdescription>
  <buttontooltiptitle default="Assign {EntityLogicalNameCollectionMarker}">
    <label description="Assign {EntityLogicalNameCollectionMarker}" languagecode="1033" />
    <label description="Assign {EntityLogicalNameCollectionMarker}" languagecode="1025" />
    <label description="Assign {EntityLogicalNameCollectionMarker}" languagecode="1027" />
    <label description="Assign {EntityLogicalNameCollectionMarker}" languagecode="1031" />
    <label description="Assign {EntityLogicalNameCollectionMarker}" languagecode="3082" />
    <label description="Assign {EntityLogicalNameCollectionMarker}" languagecode="1036" />
    <label description="Assign {EntityLogicalNameCollectionMarker}" languagecode="1041" />
    <label description="Assign {EntityLogicalNameCollectionMarker}" languagecode="1043" />
  </buttontooltiptitle>
  <context>1</context>
  <contextentity>
    <logicalname>ascentn_agilepointsystemtask</logicalname>
  </contextentity>
  <contextvalue>ascentn_agilepointsystemtask</contextvalue>
  <fonticon>$clientsvg:FollowUser</fonticon>
  <hidden>1</hidden>
  <iscustomizable>1</iscustomizable>
  <isdisabled>0</isdisabled>
  <isgrouptitlehidden>0</isgrouptitlehidden>
  <location>3</location>
  <name>Mscrm.SubGrid.{!EntityLogicalName}.Assign</name>
  <onclickeventjavascriptfunctionname>XrmCore.Commands.Assign.assignSelectedRecords</onclickeventjavascriptfunctionname>
  <onclickeventjavascriptparameters>[{"type":12,"value":null},{"type":24,"value":null},{"type":8,"value":null}]</onclickeventjavascriptparameters>
  <onclickeventjavascriptwebresourceid>
    <webresourceid>adea1aea-b2aa-e611-80d6-00155d88c343</webresourceid>
  </onclickeventjavascriptwebresourceid>
  <onclickeventtype>2</onclickeventtype>
  <origin>2</origin>
  <sequence>100300050.0000000000</sequence>
  <statecode>0</statecode>
  <statuscode>1</statuscode>
  <type>0</type>
  <visibilitytype>2</visibilitytype>
</appaction>