﻿<?xml version="1.0" encoding="utf-8"?>
<ImportExportXml version="9.0.0000.2180" SolutionPackageVersion="9.0" languagecode="1033" generatedBy="OnPremise" xmlns:xsi="http://www.w3.org/2001/XMLSchema-instance">
  <SolutionManifest>
    <UniqueName>AgileXRM</UniqueName>
    <LocalizedNames>
      <LocalizedName description="AgileXRM" languagecode="1033" />
      <LocalizedName description="AgileXRM" languagecode="1025" />
      <LocalizedName description="AgileXRM" languagecode="1027" />
      <LocalizedName description="AgileXRM" languagecode="1031" />
      <LocalizedName description="AgileXRM" languagecode="3082" />
      <LocalizedName description="AgileXRM" languagecode="1036" />
      <LocalizedName description="AgileXRM" languagecode="1041" />
      <LocalizedName description="AgileXRM" languagecode="1043" />
    </LocalizedNames>
    <Descriptions>
      <Description description="AgileXRM - Dynamics 365/Dataverse Integration" languagecode="1033" />
      <Description description="AgileXRM - Dynamics 365/Dataverse Integration" languagecode="1025" />
      <Description description="AgileXRM - Dynamics 365/Dataverse Integration" languagecode="1027" />
      <Description description="AgileXRM - Dynamics 365/Dataverse Integration" languagecode="1031" />
      <Description description="AgileXRM - Dynamics 365/Dataverse Integration" languagecode="3082" />
      <Description description="AgileXRM - Dynamics 365/Dataverse Integration" languagecode="1036" />
      <Description description="AgileXRM - Dynamics 365/Dataverse Integration" languagecode="1041" />
      <Description description="AgileXRM - Dynamics 365/Dataverse Integration" languagecode="1043" />
    </Descriptions>
    <Version>7.0.22174.2072</Version>
    <Managed>1</Managed>
    <ConfigurationPage>ascentn_AgileXRMConfig.htm</ConfigurationPage>
    <Publisher>
      <UniqueName>agilepointinc</UniqueName>
      <LocalizedNames>
        <LocalizedName description="AgileXRM" languagecode="1033" />
        <LocalizedName description="AgileXRM" languagecode="1025" />
        <LocalizedName description="AgileXRM" languagecode="1027" />
        <LocalizedName description="AgileXRM" languagecode="1031" />
        <LocalizedName description="AgileXRM" languagecode="3082" />
        <LocalizedName description="AgileXRM" languagecode="1036" />
        <LocalizedName description="AgileXRM" languagecode="1041" />
        <LocalizedName description="AgileXRM" languagecode="1043" />
      </LocalizedNames>
      <Descriptions>
        <Description description="About Us:&#xD;&#xA;&#xD;&#xA;AgileXRM has developed the first comprehensive Business Solution for the Microsoft Power Platform. AgileXRM’s deep enterprise experience and its utilization of the latest Microsoft technologies enable it to provide the first secure, reliable, scalable, and affordable solutions in the market.&#xD;&#xA;AgileXRM’s solution is designed to enable business users to quickly implement and deploy cross-functional and cross-organizational business processes in the form of process-based applications, all while in an easy-to-use process-modeling environment using reusable business activity modules and executable pre-built functional parts. &#xD;&#xA;&#xD;&#xA;AgileXRM founders are technology industry veterans in delivering value producing process-centric business solutions. AgileXRM aims to redefine the boundaries of enterprise-class performance and affordability by delivering a highly effective yet extremely affordable solutions to enable any enterprise to quickly achieve operational excellence and maximize return on investment." languagecode="1033" />
        <Description description="About Us:&#xD;&#xA;&#xD;&#xA;AgileXRM has developed the first comprehensive Business Solution for the Microsoft Power Platform. AgileXRM’s deep enterprise experience and its utilization of the latest Microsoft technologies enable it to provide the first secure, reliable, scalable, and affordable solutions in the market.&#xD;&#xA;AgileXRM’s solution is designed to enable business users to quickly implement and deploy cross-functional and cross-organizational business processes in the form of process-based applications, all while in an easy-to-use process-modeling environment using reusable business activity modules and executable pre-built functional parts. &#xD;&#xA;&#xD;&#xA;AgileXRM founders are technology industry veterans in delivering value producing process-centric business solutions. AgileXRM aims to redefine the boundaries of enterprise-class performance and affordability by delivering a highly effective yet extremely affordable solutions to enable any enterprise to quickly achieve operational excellence and maximize return on investment." languagecode="1025" />
        <Description description="About Us:&#xD;&#xA;&#xD;&#xA;AgileXRM has developed the first comprehensive Business Solution for the Microsoft Power Platform. AgileXRM’s deep enterprise experience and its utilization of the latest Microsoft technologies enable it to provide the first secure, reliable, scalable, and affordable solutions in the market.&#xD;&#xA;AgileXRM’s solution is designed to enable business users to quickly implement and deploy cross-functional and cross-organizational business processes in the form of process-based applications, all while in an easy-to-use process-modeling environment using reusable business activity modules and executable pre-built functional parts. &#xD;&#xA;&#xD;&#xA;AgileXRM founders are technology industry veterans in delivering value producing process-centric business solutions. AgileXRM aims to redefine the boundaries of enterprise-class performance and affordability by delivering a highly effective yet extremely affordable solutions to enable any enterprise to quickly achieve operational excellence and maximize return on investment." languagecode="1027" />
        <Description description="About Us:&#xD;&#xA;&#xD;&#xA;AgileXRM has developed the first comprehensive Business Solution for the Microsoft Power Platform. AgileXRM’s deep enterprise experience and its utilization of the latest Microsoft technologies enable it to provide the first secure, reliable, scalable, and affordable solutions in the market.&#xD;&#xA;AgileXRM’s solution is designed to enable business users to quickly implement and deploy cross-functional and cross-organizational business processes in the form of process-based applications, all while in an easy-to-use process-modeling environment using reusable business activity modules and executable pre-built functional parts. &#xD;&#xA;&#xD;&#xA;AgileXRM founders are technology industry veterans in delivering value producing process-centric business solutions. AgileXRM aims to redefine the boundaries of enterprise-class performance and affordability by delivering a highly effective yet extremely affordable solutions to enable any enterprise to quickly achieve operational excellence and maximize return on investment." languagecode="1031" />
        <Description description="About Us:&#xD;&#xA;&#xD;&#xA;AgileXRM has developed the first comprehensive Business Solution for the Microsoft Power Platform. AgileXRM’s deep enterprise experience and its utilization of the latest Microsoft technologies enable it to provide the first secure, reliable, scalable, and affordable solutions in the market.&#xD;&#xA;AgileXRM’s solution is designed to enable business users to quickly implement and deploy cross-functional and cross-organizational business processes in the form of process-based applications, all while in an easy-to-use process-modeling environment using reusable business activity modules and executable pre-built functional parts. &#xD;&#xA;&#xD;&#xA;AgileXRM founders are technology industry veterans in delivering value producing process-centric business solutions. AgileXRM aims to redefine the boundaries of enterprise-class performance and affordability by delivering a highly effective yet extremely affordable solutions to enable any enterprise to quickly achieve operational excellence and maximize return on investment." languagecode="3082" />
        <Description description="About Us:&#xD;&#xA;&#xD;&#xA;AgileXRM has developed the first comprehensive Business Solution for the Microsoft Power Platform. AgileXRM’s deep enterprise experience and its utilization of the latest Microsoft technologies enable it to provide the first secure, reliable, scalable, and affordable solutions in the market.&#xD;&#xA;AgileXRM’s solution is designed to enable business users to quickly implement and deploy cross-functional and cross-organizational business processes in the form of process-based applications, all while in an easy-to-use process-modeling environment using reusable business activity modules and executable pre-built functional parts. &#xD;&#xA;&#xD;&#xA;AgileXRM founders are technology industry veterans in delivering value producing process-centric business solutions. AgileXRM aims to redefine the boundaries of enterprise-class performance and affordability by delivering a highly effective yet extremely affordable solutions to enable any enterprise to quickly achieve operational excellence and maximize return on investment." languagecode="1036" />
        <Description description="About Us:&#xD;&#xA;&#xD;&#xA;AgileXRM has developed the first comprehensive Business Solution for the Microsoft Power Platform. AgileXRM’s deep enterprise experience and its utilization of the latest Microsoft technologies enable it to provide the first secure, reliable, scalable, and affordable solutions in the market.&#xD;&#xA;AgileXRM’s solution is designed to enable business users to quickly implement and deploy cross-functional and cross-organizational business processes in the form of process-based applications, all while in an easy-to-use process-modeling environment using reusable business activity modules and executable pre-built functional parts. &#xD;&#xA;&#xD;&#xA;AgileXRM founders are technology industry veterans in delivering value producing process-centric business solutions. AgileXRM aims to redefine the boundaries of enterprise-class performance and affordability by delivering a highly effective yet extremely affordable solutions to enable any enterprise to quickly achieve operational excellence and maximize return on investment." languagecode="1041" />
        <Description description="About Us:&#xD;&#xA;&#xD;&#xA;AgileXRM has developed the first comprehensive Business Solution for the Microsoft Power Platform. AgileXRM’s deep enterprise experience and its utilization of the latest Microsoft technologies enable it to provide the first secure, reliable, scalable, and affordable solutions in the market.&#xD;&#xA;AgileXRM’s solution is designed to enable business users to quickly implement and deploy cross-functional and cross-organizational business processes in the form of process-based applications, all while in an easy-to-use process-modeling environment using reusable business activity modules and executable pre-built functional parts. &#xD;&#xA;&#xD;&#xA;AgileXRM founders are technology industry veterans in delivering value producing process-centric business solutions. AgileXRM aims to redefine the boundaries of enterprise-class performance and affordability by delivering a highly effective yet extremely affordable solutions to enable any enterprise to quickly achieve operational excellence and maximize return on investment." languagecode="1043" />
      </Descriptions>
      <EMailAddress>admins@agilexrmonline.com</EMailAddress>
      <SupportingWebsiteUrl>https://www.agilexrm.com</SupportingWebsiteUrl>
      <CustomizationPrefix>ascentn</CustomizationPrefix>
      <CustomizationOptionValuePrefix>16586</CustomizationOptionValuePrefix>
      <Addresses>
        <Address>
          <AddressNumber>1</AddressNumber>
          <AddressTypeCode>1</AddressTypeCode>
          <City></City>
          <County xsi:nil="true"></County>
          <Country></Country>
          <Fax xsi:nil="true"></Fax>
          <FreightTermsCode xsi:nil="true"></FreightTermsCode>
          <ImportSequenceNumber xsi:nil="true"></ImportSequenceNumber>
          <Latitude xsi:nil="true"></Latitude>
          <Line1></Line1>
          <Line2 xsi:nil="true"></Line2>
          <Line3 xsi:nil="true"></Line3>
          <Longitude xsi:nil="true"></Longitude>
          <Name xsi:nil="true"></Name>
          <PostalCode></PostalCode>
          <PostOfficeBox xsi:nil="true"></PostOfficeBox>
          <PrimaryContactName xsi:nil="true"></PrimaryContactName>
          <ShippingMethodCode>1</ShippingMethodCode>
          <StateOrProvince></StateOrProvince>
          <Telephone1></Telephone1>
          <Telephone2 xsi:nil="true"></Telephone2>
          <Telephone3 xsi:nil="true"></Telephone3>
          <TimeZoneRuleVersionNumber xsi:nil="true"></TimeZoneRuleVersionNumber>
          <UPSZone xsi:nil="true"></UPSZone>
          <UTCOffset xsi:nil="true"></UTCOffset>
          <UTCConversionTimeZoneCode xsi:nil="true"></UTCConversionTimeZoneCode>
        </Address>
        <Address>
          <AddressNumber>2</AddressNumber>
          <AddressTypeCode>1</AddressTypeCode>
          <City xsi:nil="true"></City>
          <County xsi:nil="true"></County>
          <Country xsi:nil="true"></Country>
          <Fax xsi:nil="true"></Fax>
          <FreightTermsCode xsi:nil="true"></FreightTermsCode>
          <ImportSequenceNumber xsi:nil="true"></ImportSequenceNumber>
          <Latitude xsi:nil="true"></Latitude>
          <Line1 xsi:nil="true"></Line1>
          <Line2 xsi:nil="true"></Line2>
          <Line3 xsi:nil="true"></Line3>
          <Longitude xsi:nil="true"></Longitude>
          <Name xsi:nil="true"></Name>
          <PostalCode xsi:nil="true"></PostalCode>
          <PostOfficeBox xsi:nil="true"></PostOfficeBox>
          <PrimaryContactName xsi:nil="true"></PrimaryContactName>
          <ShippingMethodCode>1</ShippingMethodCode>
          <StateOrProvince xsi:nil="true"></StateOrProvince>
          <Telephone1 xsi:nil="true"></Telephone1>
          <Telephone2 xsi:nil="true"></Telephone2>
          <Telephone3 xsi:nil="true"></Telephone3>
          <TimeZoneRuleVersionNumber xsi:nil="true"></TimeZoneRuleVersionNumber>
          <UPSZone xsi:nil="true"></UPSZone>
          <UTCOffset xsi:nil="true"></UTCOffset>
          <UTCConversionTimeZoneCode xsi:nil="true"></UTCConversionTimeZoneCode>
        </Address>
      </Addresses>
    </Publisher>
    <RootComponents>
      <RootComponent type="1" schemaName="ascentn_agiledialogsattachemnts" behavior="0" />
      <RootComponent type="1" schemaName="ascentn_agilepointprocess" behavior="0" />
      <RootComponent type="1" schemaName="ascentn_agilepointprocesstemplate" behavior="0" />
      <RootComponent type="1" schemaName="ascentn_agilepointsystemtask" behavior="0" />
      <RootComponent type="1" schemaName="ascentn_agilepointtemplatepermission" behavior="0" />
      <RootComponent type="1" schemaName="ascentn_agilexrmfeedback" behavior="0" />
      <RootComponent type="1" schemaName="ascentn_config" behavior="0" />
      <RootComponent type="1" schemaName="ascentn_processexception" behavior="0" />
      <RootComponent type="1" schemaName="ascentn_processtask" behavior="0" />
      <RootComponent type="1" schemaName="systemuser" behavior="2" />
      <RootComponent type="1" schemaName="contact" behavior="2" />
      <RootComponent type="9" schemaName="ascentn_slastatusgos" behavior="0" />
      <RootComponent type="20" id="{93defe0f-be4a-e211-933d-000c291175f4}" behavior="0" />
      <RootComponent type="20" id="{ad194e1b-13e5-e011-8c23-000c291175f4}" behavior="0" />
      <RootComponent type="29" id="{1472548c-37f7-ea11-8374-005056228bf2}" behavior="0" />
      <RootComponent type="60" id="{478a0e01-f0dc-4bc7-968e-f53e3736b540}" behavior="0" />
      <RootComponent type="60" id="{62dcd9f9-e008-4d61-b804-757721a1d0e1}" behavior="0" />
      <RootComponent type="60" id="{ac2668a9-f2f0-46c1-8c3c-24934bf31ad2}" behavior="0" />
      <RootComponent type="60" id="{b339206a-ea5b-e211-a657-000c291175f4}" behavior="0" />
      <RootComponent type="60" id="{f6c882ec-0f24-4d6a-933a-6dfb0851d897}" behavior="0" />
      <RootComponent type="60" id="{5a9ba85c-b012-47bb-9ef4-247fb8c4cd85}" behavior="0" />
      <RootComponent type="60" id="{a4f40b9c-c633-eb11-82bc-005056270cee}" behavior="0" />
      <RootComponent type="60" id="{068c85bb-b4e1-423d-a2b3-14c56f4fa038}" behavior="0" />
      <RootComponent type="60" id="{6005f22b-0323-4ec7-b6c5-3af5de57e6b4}" behavior="0" />
      <RootComponent type="61" schemaName="ascentn_administration32.png" behavior="0" />
      <RootComponent type="61" schemaName="ascentn_TemplateCleaner32.png" behavior="0" />
      <RootComponent type="61" schemaName="ascentn_AgileXRM16x16.png" behavior="0" />
      <RootComponent type="61" schemaName="ascentn_AgileXRM32x32.png" behavior="0" />
      <RootComponent type="61" schemaName="ascentn_AgileXRMConfig.htm" behavior="0" />
      <RootComponent type="61" schemaName="ascentn_need_license.htm" behavior="0" />
      <RootComponent type="61" schemaName="ascentn_styles.css" behavior="0" />
      <RootComponent type="61" schemaName="ascentn_ProcessTemplateCleaner.htm" behavior="0" />
      <RootComponent type="61" schemaName="ascentn_alf16.png" behavior="0" />
      <RootComponent type="61" schemaName="ascentn_alf32.png" behavior="0" />
      <RootComponent type="61" schemaName="ascentn_buisinessProcess16.png" behavior="0" />
      <RootComponent type="61" schemaName="ascentn_businessProcess32.png" behavior="0" />
      <RootComponent type="61" schemaName="ascentn_feedback_16x16.png" behavior="0" />
      <RootComponent type="61" schemaName="ascentn_feedback_32x32.png" behavior="0" />
      <RootComponent type="61" schemaName="ascentn_hidetab.htm" behavior="0" />
      <RootComponent type="61" schemaName="ascentn_openRegardingIcon16x16.png" behavior="0" />
      <RootComponent type="61" schemaName="ascentn_openRegardingIcon32x32.png" behavior="0" />
      <RootComponent type="61" schemaName="ascentn_performAfterSubmitAction.htm" behavior="0" />
      <RootComponent type="61" schemaName="ascentn_processException16.png" behavior="0" />
      <RootComponent type="61" schemaName="ascentn_processException32.png" behavior="0" />
      <RootComponent type="61" schemaName="ascentn_processManagement24x24.gif" behavior="0" />
      <RootComponent type="61" schemaName="ascentn_processMgmt32.png" behavior="0" />
      <RootComponent type="61" schemaName="ascentn_processTask16.png" behavior="0" />
      <RootComponent type="61" schemaName="ascentn_processTask32.png" behavior="0" />
      <RootComponent type="61" schemaName="ascentn_agilexrm.min.js" behavior="0" />
      <RootComponent type="61" schemaName="ascentn_RunProcess_16v3.png" behavior="0" />
      <RootComponent type="61" schemaName="ascentn_RunProcess_32v4.png" behavior="0" />
      <RootComponent type="61" schemaName="ascentn_StartAgileDialog_32v2.png" behavior="0" />
      <RootComponent type="61" schemaName="ascentn_startBusinessProcess16x16.png" behavior="0" />
      <RootComponent type="61" schemaName="ascentn_startBusinessProcess32x32.png" behavior="0" />
      <RootComponent type="61" schemaName="ascentn_StartDialog_16v2.png" behavior="0" />
      <RootComponent type="61" schemaName="ascentn_template16.png" behavior="0" />
      <RootComponent type="61" schemaName="ascentn_template32.png" behavior="0" />
      <RootComponent type="61" schemaName="ascentn_templatePermission16.png" behavior="0" />
      <RootComponent type="61" schemaName="ascentn_templatePermission32.png" behavior="0" />
      <RootComponent type="61" schemaName="ascentn_BusinessProcess-Entity.svg" behavior="0" />
      <RootComponent type="61" schemaName="ascentn_Feedback-Entity.svg" behavior="0" />
      <RootComponent type="61" schemaName="ascentn_OpenRegarding-Ribbon.svg" behavior="0" />
      <RootComponent type="61" schemaName="ascentn_ProcessException-Entity.svg" behavior="0" />
      <RootComponent type="61" schemaName="ascentn_ProcessTask-Entity.svg" behavior="0" />
      <RootComponent type="61" schemaName="ascentn_RunProcess-Ribbon.svg" behavior="0" />
      <RootComponent type="61" schemaName="ascentn_StartAgileDialog-Ribbon.svg" behavior="0" />
      <RootComponent type="61" schemaName="ascentn_StartBusinessProcess-Ribbon.svg" behavior="0" />
      <RootComponent type="61" schemaName="ascentn_Template-Entity.svg" behavior="0" />
      <RootComponent type="61" schemaName="ascentn_TemplatePermission-Entity.svg" behavior="0" />
      <RootComponent type="61" schemaName="ascentn_AssignToMe-Ribbon.svg" behavior="0" />
      <RootComponent type="61" schemaName="ascentn_AgileXRMDocs-Ribbon.svg" behavior="0" />
      <RootComponent type="61" schemaName="ascentn_AgileXRM.png" behavior="0" />
      <RootComponent type="61" schemaName="ascentn_CloseHostedWin.svg" />
      <RootComponent type="61" schemaName="ascentn_OpenPopOut.svg" />
      <RootComponent type="61" schemaName="ascentn_agileXRMConfig_Entity.svg" behavior="0" />
      <RootComponent type="61" schemaName="ascentn_agileXRMLogoTeal.svg" behavior="0" />
      <RootComponent type="61" schemaName="ascentn_completedSLAs_dashboard.svg" behavior="0" />
      <RootComponent type="61" schemaName="ascentn_process_dashboard.svg" behavior="0" />
      <RootComponent type="61" schemaName="ascentn_runningSLAs_dashboard.svg" behavior="0" />
      <RootComponent type="61" schemaName="ascentn_templateCleaner.svg" behavior="0" />
      <RootComponent type="61" schemaName="ascentn_near_overdue.png" behavior="0" />
      <RootComponent type="61" schemaName="ascentn_not_overdue.png" behavior="0" />
      <RootComponent type="61" schemaName="ascentn_overdue.png" behavior="0" />
      <RootComponent type="61" schemaName="ascentn_contactForm.js" behavior="0" />
      <RootComponent type="62" behavior="0" />
      <RootComponent type="62" schemaName="ascentn_agilexrmapp" behavior="0" />
      <RootComponent type="80" schemaName="ascentn_agilexrmapp" behavior="0" />
      <RootComponent type="91" id="{c74619d3-0edb-e011-a87c-000c299c86a3}" schemaName="Ascentn.Crm2011.Plugins, Version=1.0.0.0, Culture=neutral, PublicKeyToken=6694ee7bab3f30da" behavior="0" />
      <RootComponent type="92" id="{25c4c865-6cc4-e111-b470-000c291175f4}" behavior="0" />
      <RootComponent type="92" id="{6969b291-4c7f-e211-9b04-000c291175f4}" behavior="0" />
      <RootComponent type="92" id="{6a379510-8f20-497e-988e-c63cc24eca3d}" behavior="0" />
      <RootComponent type="92" id="{6bbc85dd-fa56-e011-b63b-000c299c86a1}" behavior="0" />
      <RootComponent type="92" id="{6bbc85dd-fa56-e011-b63b-000c299c86a3}" behavior="0" />
      <RootComponent type="92" id="{8da23a6a-6a50-444e-83aa-04616f00cfac}" behavior="0" />
      <RootComponent type="92" id="{d8f227d7-44b8-4843-b416-b4d7f3653fdd}" behavior="0" />
      <RootComponent type="92" id="{82209253-9f1c-4f22-bd8c-a483b25b4b46}" behavior="0" />
      <RootComponent type="92" id="{91e97a8c-aa50-e511-8160-000c29e07d92}" behavior="0" />
      <RootComponent type="92" id="{9d320163-886e-e511-8246-000c29e07d88}" behavior="0" />
      <RootComponent type="92" id="{a01517a9-4a7f-e211-9b04-000c291175f4}" behavior="0" />
      <RootComponent type="92" id="{ab2d1bff-4b7f-e211-9b04-000c291175f4}" behavior="0" />
      <RootComponent type="92" id="{b00fcb56-fa56-e011-b63b-000c299c86a3}" behavior="0" />
      <RootComponent type="92" id="{f5f30a7b-886e-e511-8246-000c29e07d88}" behavior="0" />
      <RootComponent type="92" id="{6f078301-a5cf-e711-973a-000c29e7230c}" behavior="0" />
      <RootComponent type="92" id="{eae47cb1-d4ce-e711-9737-000c29e7230c}" behavior="0" />
    </RootComponents>
    <MissingDependencies></MissingDependencies>
  </SolutionManifest>
</ImportExportXml>