<appaction uniquename="ascentn__Mscrm.HomepageGrid.{!EntityLogicalName}.Activate!ascentn_agilexrmapp!ascentn_agiledialogsattachemnts!1">
  <appmoduleid>
    <uniquename>ascentn_agilexrmapp</uniquename>
  </appmoduleid>
  <buttonaccessibilitytext default="Activate">
    <label description="Activate" languagecode="1033" />
    <label description="Activate" languagecode="1025" />
    <label description="Activate" languagecode="1027" />
    <label description="Activate" languagecode="1031" />
    <label description="Activate" languagecode="3082" />
    <label description="Activate" languagecode="1036" />
    <label description="Activate" languagecode="1041" />
    <label description="Activate" languagecode="1043" />
  </buttonaccessibilitytext>
  <buttonlabeltext default="Activate">
    <label description="Activate" languagecode="1033" />
    <label description="Activate" languagecode="1025" />
    <label description="Activate" languagecode="1027" />
    <label description="Activate" languagecode="1031" />
    <label description="Activate" languagecode="3082" />
    <label description="Activate" languagecode="1036" />
    <label description="Activate" languagecode="1041" />
    <label description="Activate" languagecode="1043" />
  </buttonlabeltext>
  <buttontooltipdescription default="Activate these {EntityLogicalNameCollectionMarker}. &lt;br&gt;&lt;br&gt;Active records can be edited, assigned, shared, or viewed from the Active {EntityLogicalNameCollectionMarker} view.">
    <label description="Activate these {EntityLogicalNameCollectionMarker}. &lt;br&gt;&lt;br&gt;Active records can be edited, assigned, shared, or viewed from the Active {EntityLogicalNameCollectionMarker} view." languagecode="1033" />
    <label description="Activate these {EntityLogicalNameCollectionMarker}. &lt;br&gt;&lt;br&gt;Active records can be edited, assigned, shared, or viewed from the Active {EntityLogicalNameCollectionMarker} view." languagecode="1025" />
    <label description="Activate these {EntityLogicalNameCollectionMarker}. &lt;br&gt;&lt;br&gt;Active records can be edited, assigned, shared, or viewed from the Active {EntityLogicalNameCollectionMarker} view." languagecode="1027" />
    <label description="Activate these {EntityLogicalNameCollectionMarker}. &lt;br&gt;&lt;br&gt;Active records can be edited, assigned, shared, or viewed from the Active {EntityLogicalNameCollectionMarker} view." languagecode="1031" />
    <label description="Activate these {EntityLogicalNameCollectionMarker}. &lt;br&gt;&lt;br&gt;Active records can be edited, assigned, shared, or viewed from the Active {EntityLogicalNameCollectionMarker} view." languagecode="3082" />
    <label description="Activate these {EntityLogicalNameCollectionMarker}. &lt;br&gt;&lt;br&gt;Active records can be edited, assigned, shared, or viewed from the Active {EntityLogicalNameCollectionMarker} view." languagecode="1036" />
    <label description="Activate these {EntityLogicalNameCollectionMarker}. &lt;br&gt;&lt;br&gt;Active records can be edited, assigned, shared, or viewed from the Active {EntityLogicalNameCollectionMarker} view." languagecode="1041" />
    <label description="Activate these {EntityLogicalNameCollectionMarker}. &lt;br&gt;&lt;br&gt;Active records can be edited, assigned, shared, or viewed from the Active {EntityLogicalNameCollectionMarker} view." languagecode="1043" />
  </buttontooltipdescription>
  <buttontooltiptitle default="Activate">
    <label description="Activate" languagecode="1033" />
    <label description="Activate" languagecode="1025" />
    <label description="Activate" languagecode="1027" />
    <label description="Activate" languagecode="1031" />
    <label description="Activate" languagecode="3082" />
    <label description="Activate" languagecode="1036" />
    <label description="Activate" languagecode="1041" />
    <label description="Activate" languagecode="1043" />
  </buttontooltiptitle>
  <context>1</context>
  <contextentity>
    <logicalname>ascentn_agiledialogsattachemnts</logicalname>
  </contextentity>
  <contextvalue>ascentn_agiledialogsattachemnts</contextvalue>
  <fonticon>$clientsvg:PageCompleted</fonticon>
  <hidden>1</hidden>
  <iscustomizable>1</iscustomizable>
  <isdisabled>0</isdisabled>
  <isgrouptitlehidden>0</isgrouptitlehidden>
  <location>1</location>
  <name>Mscrm.HomepageGrid.{!EntityLogicalName}.Activate</name>
  <onclickeventjavascriptfunctionname>XrmCore.Commands.Activate.activateRecords</onclickeventjavascriptfunctionname>
  <onclickeventjavascriptparameters>[{"type":12,"value":null},{"type":24,"value":null},{"type":8,"value":null}]</onclickeventjavascriptparameters>
  <onclickeventjavascriptwebresourceid>
    <webresourceid>adea1aea-b2aa-e611-80d6-00155d88c343</webresourceid>
  </onclickeventjavascriptwebresourceid>
  <onclickeventtype>2</onclickeventtype>
  <origin>2</origin>
  <sequence>1000100030.0000000000</sequence>
  <statecode>0</statecode>
  <statuscode>1</statuscode>
  <type>0</type>
  <visibilitytype>2</visibilitytype>
</appaction>