<appaction uniquename="ascentn__Mscrm.Form.{!EntityLogicalName}.OpenActiveStage!ascentn_agilexrmapp!contact!0">
  <appmoduleid>
    <uniquename>ascentn_agilexrmapp</uniquename>
  </appmoduleid>
  <buttonaccessibilitytext default="Open Active Stage">
    <label description="Open Active Stage" languagecode="1033" />
    <label description="Open Active Stage" languagecode="1025" />
    <label description="Open Active Stage" languagecode="1027" />
    <label description="Open Active Stage" languagecode="1031" />
    <label description="Open Active Stage" languagecode="3082" />
    <label description="Open Active Stage" languagecode="1036" />
    <label description="Open Active Stage" languagecode="1041" />
    <label description="Open Active Stage" languagecode="1043" />
  </buttonaccessibilitytext>
  <buttonlabeltext default="Open Active Stage">
    <label description="Open Active Stage" languagecode="1033" />
    <label description="Open Active Stage" languagecode="1025" />
    <label description="Open Active Stage" languagecode="1027" />
    <label description="Open Active Stage" languagecode="1031" />
    <label description="Open Active Stage" languagecode="3082" />
    <label description="Open Active Stage" languagecode="1036" />
    <label description="Open Active Stage" languagecode="1041" />
    <label description="Open Active Stage" languagecode="1043" />
  </buttonlabeltext>
  <buttontooltipdescription default="Open active stage entity form of this {EntityLogicalNameMarker}.">
    <label description="Open active stage entity form of this {EntityLogicalNameMarker}." languagecode="1033" />
    <label description="Open active stage entity form of this {EntityLogicalNameMarker}." languagecode="1025" />
    <label description="Open active stage entity form of this {EntityLogicalNameMarker}." languagecode="1027" />
    <label description="Open active stage entity form of this {EntityLogicalNameMarker}." languagecode="1031" />
    <label description="Open active stage entity form of this {EntityLogicalNameMarker}." languagecode="3082" />
    <label description="Open active stage entity form of this {EntityLogicalNameMarker}." languagecode="1036" />
    <label description="Open active stage entity form of this {EntityLogicalNameMarker}." languagecode="1041" />
    <label description="Open active stage entity form of this {EntityLogicalNameMarker}." languagecode="1043" />
  </buttontooltipdescription>
  <buttontooltiptitle default="Opens the form for the entity associated with the active stage.">
    <label description="Opens the form for the entity associated with the active stage." languagecode="1033" />
    <label description="Opens the form for the entity associated with the active stage." languagecode="1025" />
    <label description="Opens the form for the entity associated with the active stage." languagecode="1027" />
    <label description="Opens the form for the entity associated with the active stage." languagecode="1031" />
    <label description="Opens the form for the entity associated with the active stage." languagecode="3082" />
    <label description="Opens the form for the entity associated with the active stage." languagecode="1036" />
    <label description="Opens the form for the entity associated with the active stage." languagecode="1041" />
    <label description="Opens the form for the entity associated with the active stage." languagecode="1043" />
  </buttontooltiptitle>
  <context>1</context>
  <contextentity>
    <logicalname>contact</logicalname>
  </contextentity>
  <contextvalue>contact</contextvalue>
  <fonticon>FormDesign</fonticon>
  <hidden>1</hidden>
  <iscustomizable>1</iscustomizable>
  <isdisabled>0</isdisabled>
  <isgrouptitlehidden>0</isgrouptitlehidden>
  <location>0</location>
  <name>Mscrm.Form.{!EntityLogicalName}.OpenActiveStage</name>
  <onclickeventjavascriptfunctionname>XrmCore.Commands.OpenActiveStage.openActiveStageFromForm</onclickeventjavascriptfunctionname>
  <onclickeventjavascriptparameters>[{"type":4,"value":null},{"type":2,"value":null}]</onclickeventjavascriptparameters>
  <onclickeventjavascriptwebresourceid>
    <webresourceid>adea1aea-b2aa-e611-80d6-00155d88c343</webresourceid>
  </onclickeventjavascriptwebresourceid>
  <onclickeventtype>2</onclickeventtype>
  <origin>2</origin>
  <sequence>100100080.0000000000</sequence>
  <statecode>0</statecode>
  <statuscode>1</statuscode>
  <type>0</type>
  <visibilitytype>2</visibilitytype>
</appaction>