<appaction uniquename="ascentn__Mscrm.Form.contact.Delete!ascentn_agilexrmapp!contact!0">
  <appmoduleid>
    <uniquename>ascentn_agilexrmapp</uniquename>
  </appmoduleid>
  <buttonaccessibilitytext default="Delete">
    <label description="Delete" languagecode="1033" />
    <label description="Delete" languagecode="1025" />
    <label description="Suprimeix" languagecode="1027" />
    <label description="Löschen" languagecode="1031" />
    <label description="Eliminar" languagecode="3082" />
    <label description="Supprimer" languagecode="1036" />
    <label description="消去" languagecode="1041" />
    <label description="Verwijderen" languagecode="1043" />
  </buttonaccessibilitytext>
  <buttonlabeltext default="Delete">
    <label description="Delete" languagecode="1033" />
    <label description="Delete" languagecode="1025" />
    <label description="Suprimeix" languagecode="1027" />
    <label description="Löschen" languagecode="1031" />
    <label description="Eliminar" languagecode="3082" />
    <label description="Supprimer" languagecode="1036" />
    <label description="消去" languagecode="1041" />
    <label description="Verwijderen" languagecode="1043" />
  </buttonlabeltext>
  <buttontooltipdescription default="Delete these {EntityLogicalNameCollectionMarker}. This action cannot be undone.">
    <label description="Delete these {EntityLogicalNameCollectionMarker}. This action cannot be undone." languagecode="1033" />
    <label description="Delete these {EntityLogicalNameCollectionMarker}. This action cannot be undone." languagecode="1025" />
    <label description="Delete these {EntityLogicalNameCollectionMarker}. This action cannot be undone." languagecode="1027" />
    <label description="Delete these {EntityLogicalNameCollectionMarker}. This action cannot be undone." languagecode="1031" />
    <label description="Delete these {EntityLogicalNameCollectionMarker}. This action cannot be undone." languagecode="3082" />
    <label description="Delete these {EntityLogicalNameCollectionMarker}. This action cannot be undone." languagecode="1036" />
    <label description="Delete these {EntityLogicalNameCollectionMarker}. This action cannot be undone." languagecode="1041" />
    <label description="Delete these {EntityLogicalNameCollectionMarker}. This action cannot be undone." languagecode="1043" />
  </buttontooltipdescription>
  <buttontooltiptitle default="Delete">
    <label description="Delete" languagecode="1033" />
    <label description="Delete" languagecode="1025" />
    <label description="Suprimeix" languagecode="1027" />
    <label description="Löschen" languagecode="1031" />
    <label description="Eliminar" languagecode="3082" />
    <label description="Supprimer" languagecode="1036" />
    <label description="消去" languagecode="1041" />
    <label description="Verwijderen" languagecode="1043" />
  </buttontooltiptitle>
  <context>1</context>
  <contextentity>
    <logicalname>contact</logicalname>
  </contextentity>
  <contextvalue>contact</contextvalue>
  <fonticon>$clientsvg:Delete</fonticon>
  <hidden>1</hidden>
  <iscustomizable>1</iscustomizable>
  <isdisabled>0</isdisabled>
  <isgrouptitlehidden>0</isgrouptitlehidden>
  <location>0</location>
  <name>Mscrm.Form.contact.Delete</name>
  <onclickeventjavascriptfunctionname>XrmCore.Commands.Delete.deletePrimaryRecord</onclickeventjavascriptfunctionname>
  <onclickeventjavascriptparameters>[{"type":4,"value":null},{"type":2,"value":null}]</onclickeventjavascriptparameters>
  <onclickeventjavascriptwebresourceid>
    <webresourceid>adea1aea-b2aa-e611-80d6-00155d88c343</webresourceid>
  </onclickeventjavascriptwebresourceid>
  <onclickeventtype>2</onclickeventtype>
  <origin>2</origin>
  <sequence>100100065.0000000000</sequence>
  <statecode>0</statecode>
  <statuscode>1</statuscode>
  <type>0</type>
  <visibilitytype>2</visibilitytype>
</appaction>