<appaction uniquename="ascentn__Mscrm.SubGrid.{!EntityLogicalName}.Remove!ascentn_agilexrmapp!ascentn_agilepointsystemtask!3">
  <appmoduleid>
    <uniquename>ascentn_agilexrmapp</uniquename>
  </appmoduleid>
  <buttonaccessibilitytext default="Remove">
    <label description="Remove" languagecode="1033" />
    <label description="Remove" languagecode="1025" />
    <label description="Elimina" languagecode="1027" />
    <label description="Entfernen" languagecode="1031" />
    <label description="Eliminar" languagecode="3082" />
    <label description="Retirer" languagecode="1036" />
    <label description="取り除く" languagecode="1041" />
    <label description="Verwijderen" languagecode="1043" />
  </buttonaccessibilitytext>
  <buttonlabeltext default="Remove">
    <label description="Remove" languagecode="1033" />
    <label description="Remove" languagecode="1025" />
    <label description="Elimina" languagecode="1027" />
    <label description="Entfernen" languagecode="1031" />
    <label description="Eliminar" languagecode="3082" />
    <label description="Retirer" languagecode="1036" />
    <label description="取り除く" languagecode="1041" />
    <label description="Verwijderen" languagecode="1043" />
  </buttonlabeltext>
  <buttontooltipdescription default="Remove the records. &lt;br&gt;&lt;br&gt;When you remove a record, it still exists in the system.">
    <label description="Remove the records. &lt;br&gt;&lt;br&gt;When you remove a record, it still exists in the system." languagecode="1033" />
    <label description="Remove the records. &lt;br&gt;&lt;br&gt;When you remove a record, it still exists in the system." languagecode="1025" />
    <label description="Remove the records. &lt;br&gt;&lt;br&gt;When you remove a record, it still exists in the system." languagecode="1027" />
    <label description="Remove the records. &lt;br&gt;&lt;br&gt;When you remove a record, it still exists in the system." languagecode="1031" />
    <label description="Remove the records. &lt;br&gt;&lt;br&gt;When you remove a record, it still exists in the system." languagecode="3082" />
    <label description="Remove the records. &lt;br&gt;&lt;br&gt;When you remove a record, it still exists in the system." languagecode="1036" />
    <label description="Remove the records. &lt;br&gt;&lt;br&gt;When you remove a record, it still exists in the system." languagecode="1041" />
    <label description="Remove the records. &lt;br&gt;&lt;br&gt;When you remove a record, it still exists in the system." languagecode="1043" />
  </buttontooltipdescription>
  <buttontooltiptitle default="Remove">
    <label description="Remove" languagecode="1033" />
    <label description="Remove" languagecode="1025" />
    <label description="Elimina" languagecode="1027" />
    <label description="Entfernen" languagecode="1031" />
    <label description="Eliminar" languagecode="3082" />
    <label description="Retirer" languagecode="1036" />
    <label description="取り除く" languagecode="1041" />
    <label description="Verwijderen" languagecode="1043" />
  </buttontooltiptitle>
  <context>1</context>
  <contextentity>
    <logicalname>ascentn_agilepointsystemtask</logicalname>
  </contextentity>
  <contextvalue>ascentn_agilepointsystemtask</contextvalue>
  <fonticon>$clientsvg:Delete</fonticon>
  <hidden>1</hidden>
  <iscustomizable>1</iscustomizable>
  <isdisabled>0</isdisabled>
  <isgrouptitlehidden>0</isgrouptitlehidden>
  <location>3</location>
  <name>Mscrm.SubGrid.{!EntityLogicalName}.Remove</name>
  <onclickeventjavascriptfunctionname>XrmCore.Commands.Disassociate.gridDisassociate</onclickeventjavascriptfunctionname>
  <onclickeventjavascriptparameters>[{"type":8,"value":null},{"type":12,"value":null},{"type":10,"value":null}]</onclickeventjavascriptparameters>
  <onclickeventjavascriptwebresourceid>
    <webresourceid>adea1aea-b2aa-e611-80d6-00155d88c343</webresourceid>
  </onclickeventjavascriptwebresourceid>
  <onclickeventtype>2</onclickeventtype>
  <origin>2</origin>
  <sequence>100100090.0000000000</sequence>
  <statecode>0</statecode>
  <statuscode>1</statuscode>
  <type>0</type>
  <visibilitytype>2</visibilitytype>
</appaction>