<appaction uniquename="ascentn__Mscrm.HomepageGrid.{!EntityLogicalName}.NewRecordForBPFEntity!ascentn_agilexrmapp!contact!1">
  <appmoduleid>
    <uniquename>ascentn_agilexrmapp</uniquename>
  </appmoduleid>
  <buttonaccessibilitytext default="New">
    <label description="New" languagecode="1033" />
    <label description="New" languagecode="1025" />
    <label description="Nova" languagecode="1027" />
    <label description="Neu" languagecode="1031" />
    <label description="Nueva" languagecode="3082" />
    <label description="Nouveau" languagecode="1036" />
    <label description="アクティブ" languagecode="1041" />
    <label description="Nieuw" languagecode="1043" />
  </buttonaccessibilitytext>
  <buttonlabeltext default="New">
    <label description="New" languagecode="1033" />
    <label description="New" languagecode="1025" />
    <label description="Nova" languagecode="1027" />
    <label description="Neu" languagecode="1031" />
    <label description="Nueva" languagecode="3082" />
    <label description="Nouveau" languagecode="1036" />
    <label description="アクティブ" languagecode="1041" />
    <label description="Nieuw" languagecode="1043" />
  </buttonlabeltext>
  <buttontooltipdescription default="Create a new {EntityLogicalNameMarker} record.">
    <label description="Create a new {EntityLogicalNameMarker} record." languagecode="1033" />
    <label description="Create a new {EntityLogicalNameMarker} record." languagecode="1025" />
    <label description="Create a new {EntityLogicalNameMarker} record." languagecode="1027" />
    <label description="Create a new {EntityLogicalNameMarker} record." languagecode="1031" />
    <label description="Create a new {EntityLogicalNameMarker} record." languagecode="3082" />
    <label description="Create a new {EntityLogicalNameMarker} record." languagecode="1036" />
    <label description="Create a new {EntityLogicalNameMarker} record." languagecode="1041" />
    <label description="Create a new {EntityLogicalNameMarker} record." languagecode="1043" />
  </buttontooltipdescription>
  <buttontooltiptitle default="New">
    <label description="New" languagecode="1033" />
    <label description="New" languagecode="1025" />
    <label description="Nova" languagecode="1027" />
    <label description="Neu" languagecode="1031" />
    <label description="Nueva" languagecode="3082" />
    <label description="Nouveau" languagecode="1036" />
    <label description="アクティブ" languagecode="1041" />
    <label description="Nieuw" languagecode="1043" />
  </buttontooltiptitle>
  <context>1</context>
  <contextentity>
    <logicalname>contact</logicalname>
  </contextentity>
  <contextvalue>contact</contextvalue>
  <fonticon>$clientsvg:Add</fonticon>
  <hidden>1</hidden>
  <iscustomizable>1</iscustomizable>
  <isdisabled>0</isdisabled>
  <isgrouptitlehidden>0</isgrouptitlehidden>
  <location>1</location>
  <name>Mscrm.HomepageGrid.{!EntityLogicalName}.NewRecordForBPFEntity</name>
  <onclickeventjavascriptfunctionname>XrmCore.Commands.NewRecordForBPFEntity.openNewRecord</onclickeventjavascriptfunctionname>
  <onclickeventjavascriptparameters>[{"type":8,"value":null},{"type":12,"value":null}]</onclickeventjavascriptparameters>
  <onclickeventjavascriptwebresourceid>
    <webresourceid>adea1aea-b2aa-e611-80d6-00155d88c343</webresourceid>
  </onclickeventjavascriptwebresourceid>
  <onclickeventtype>2</onclickeventtype>
  <origin>2</origin>
  <sequence>1000100010.0000000000</sequence>
  <statecode>0</statecode>
  <statuscode>1</statuscode>
  <type>0</type>
  <visibilitytype>2</visibilitytype>
</appaction>