<appaction uniquename="ascentn__Mscrm.SubGrid.{!EntityLogicalName}.SendSelected!ascentn_agilexrmapp!ascentn_agilepointsystemtask!2">
  <appmoduleid>
    <uniquename>ascentn_agilexrmapp</uniquename>
  </appmoduleid>
  <buttonaccessibilitytext default="Email a Link">
    <label description="Email a Link" languagecode="1033" />
    <label description="Email a Link" languagecode="1025" />
    <label description="Email a Link" languagecode="1027" />
    <label description="Email a Link" languagecode="1031" />
    <label description="Email a Link" languagecode="3082" />
    <label description="Email a Link" languagecode="1036" />
    <label description="Email a Link" languagecode="1041" />
    <label description="Email a Link" languagecode="1043" />
  </buttonaccessibilitytext>
  <buttonlabeltext default="Email a Link">
    <label description="Email a Link" languagecode="1033" />
    <label description="Email a Link" languagecode="1025" />
    <label description="Email a Link" languagecode="1027" />
    <label description="Email a Link" languagecode="1031" />
    <label description="Email a Link" languagecode="3082" />
    <label description="Email a Link" languagecode="1036" />
    <label description="Email a Link" languagecode="1041" />
    <label description="Email a Link" languagecode="1043" />
  </buttonlabeltext>
  <buttontooltipdescription default="Send links to the selected records in an email message. &lt;br&gt;&lt;br&gt;The information in these records may change, or may not be available to the recipients because of a lack of permissions.">
    <label description="Send links to the selected records in an email message. &lt;br&gt;&lt;br&gt;The information in these records may change, or may not be available to the recipients because of a lack of permissions." languagecode="1033" />
    <label description="Send links to the selected records in an email message. &lt;br&gt;&lt;br&gt;The information in these records may change, or may not be available to the recipients because of a lack of permissions." languagecode="1025" />
    <label description="Send links to the selected records in an email message. &lt;br&gt;&lt;br&gt;The information in these records may change, or may not be available to the recipients because of a lack of permissions." languagecode="1027" />
    <label description="Send links to the selected records in an email message. &lt;br&gt;&lt;br&gt;The information in these records may change, or may not be available to the recipients because of a lack of permissions." languagecode="1031" />
    <label description="Send links to the selected records in an email message. &lt;br&gt;&lt;br&gt;The information in these records may change, or may not be available to the recipients because of a lack of permissions." languagecode="3082" />
    <label description="Send links to the selected records in an email message. &lt;br&gt;&lt;br&gt;The information in these records may change, or may not be available to the recipients because of a lack of permissions." languagecode="1036" />
    <label description="Send links to the selected records in an email message. &lt;br&gt;&lt;br&gt;The information in these records may change, or may not be available to the recipients because of a lack of permissions." languagecode="1041" />
    <label description="Send links to the selected records in an email message. &lt;br&gt;&lt;br&gt;The information in these records may change, or may not be available to the recipients because of a lack of permissions." languagecode="1043" />
  </buttontooltipdescription>
  <buttontooltiptitle default="Email a Link">
    <label description="Email a Link" languagecode="1033" />
    <label description="Email a Link" languagecode="1025" />
    <label description="Email a Link" languagecode="1027" />
    <label description="Email a Link" languagecode="1031" />
    <label description="Email a Link" languagecode="3082" />
    <label description="Email a Link" languagecode="1036" />
    <label description="Email a Link" languagecode="1041" />
    <label description="Email a Link" languagecode="1043" />
  </buttontooltiptitle>
  <context>1</context>
  <contextentity>
    <logicalname>ascentn_agilepointsystemtask</logicalname>
  </contextentity>
  <contextvalue>ascentn_agilepointsystemtask</contextvalue>
  <fonticon>$clientsvg:MailLink</fonticon>
  <hidden>1</hidden>
  <iscustomizable>1</iscustomizable>
  <isdisabled>0</isdisabled>
  <isgrouptitlehidden>0</isgrouptitlehidden>
  <location>2</location>
  <name>Mscrm.SubGrid.{!EntityLogicalName}.SendSelected</name>
  <onclickeventjavascriptfunctionname>XrmCore.Commands.EmailCopyLink.emailCopyLinkRecords</onclickeventjavascriptfunctionname>
  <onclickeventjavascriptparameters>[{"type":18,"value":true},{"type":24,"value":null},{"type":8,"value":null}]</onclickeventjavascriptparameters>
  <onclickeventjavascriptwebresourceid>
    <webresourceid>adea1aea-b2aa-e611-80d6-00155d88c343</webresourceid>
  </onclickeventjavascriptwebresourceid>
  <onclickeventtype>2</onclickeventtype>
  <origin>2</origin>
  <sequence>100300080.0000000000</sequence>
  <statecode>0</statecode>
  <statuscode>1</statuscode>
  <type>0</type>
  <visibilitytype>2</visibilitytype>
</appaction>