﻿<?xml version="1.0" encoding="utf-8"?>
<ImportExportXml xmlns:xsi="http://www.w3.org/2001/XMLSchema-instance" OrganizationVersion="9.2.25094.162" OrganizationSchemaType="Standard" CRMServerServiceabilityVersion="9.2.25094.00162">
  <Entities />
  <Roles />
  <Workflows />
  <FieldSecurityProfiles />
  <Templates />
  <EntityMaps />
  <EntityRelationships />
  <OrganizationSettings />
  <optionsets />
  <CustomControls />
  <SdkMessageProcessingSteps>
    <SdkMessageProcessingStep Name="Ascentn.Crm2011.Plugins.PowerPagesSourceFilePlugin: Create of powerpagessourcefile" SdkMessageProcessingStepId="{f5f30a7b-886e-e511-8246-000c29e07d89}">
      <SdkMessageId>9ebdbb1b-ea3e-db11-86a7-000a3a5473e8</SdkMessageId>
      <PluginTypeName>Ascentn.Crm2011.Plugins.PowerPagesSourceFilePlugin, Ascentn.Crm2011.Plugins, Version=1.0.0.0, Culture=neutral, PublicKeyToken=6694ee7bab3f30da</PluginTypeName>
      <PluginTypeId>ad3f0203-e3d8-e711-a94b-000d3a296010</PluginTypeId>
      <PrimaryEntity>powerpagessourcefile</PrimaryEntity>
      <AsyncAutoDelete>0</AsyncAutoDelete>
      <FilteringAttributes></FilteringAttributes>
      <InvocationSource>1</InvocationSource>
      <Mode>1</Mode>
      <Rank>1</Rank>
      <EventHandlerTypeCode>4602</EventHandlerTypeCode>
      <Stage>40</Stage>
      <IsCustomizable>1</IsCustomizable>
      <IsHidden>0</IsHidden>
      <SupportedDeployment>0</SupportedDeployment>
      <IntroducedVersion>1.0.0.0</IntroducedVersion>
      <SdkMessageProcessingStepImages />
    </SdkMessageProcessingStep>
    <SdkMessageProcessingStep Name="Ascentn.Crm2011.Plugins.PowerPagesSourceFilePlugin: update of powerpagessourcefile" SdkMessageProcessingStepId="{f5f30a7b-886e-e511-8246-000c29e07d8a}">
      <SdkMessageId>20bebb1b-ea3e-db11-86a7-000a3a5473e8</SdkMessageId>
      <PluginTypeName>Ascentn.Crm2011.Plugins.PowerPagesSourceFilePlugin, Ascentn.Crm2011.Plugins, Version=1.0.0.0, Culture=neutral, PublicKeyToken=6694ee7bab3f30da</PluginTypeName>
      <PluginTypeId>ad3f0203-e3d8-e711-a94b-000d3a296010</PluginTypeId>
      <PrimaryEntity>powerpagessourcefile</PrimaryEntity>
      <AsyncAutoDelete>0</AsyncAutoDelete>
      <FilteringAttributes></FilteringAttributes>
      <InvocationSource>1</InvocationSource>
      <Mode>1</Mode>
      <Rank>1</Rank>
      <EventHandlerTypeCode>4602</EventHandlerTypeCode>
      <Stage>40</Stage>
      <IsCustomizable>1</IsCustomizable>
      <IsHidden>0</IsHidden>
      <SupportedDeployment>0</SupportedDeployment>
      <IntroducedVersion>1.0.0.0</IntroducedVersion>
      <SdkMessageProcessingStepImages>
        <SdkMessageProcessingStepImage Name="Field">
          <SdkMessageProcessingStepImageId>{84bc7c81-4c7f-e211-9b04-000c291175f5}</SdkMessageProcessingStepImageId>
          <Attributes>name,content,statuscode,statecode,powerpagesiteid</Attributes>
          <EntityAlias>Entity</EntityAlias>
          <ImageType>0</ImageType>
          <MessagePropertyName>Target</MessagePropertyName>
          <IsCustomizable>1</IsCustomizable>
        </SdkMessageProcessingStepImage>
      </SdkMessageProcessingStepImages>
    </SdkMessageProcessingStep>
  </SdkMessageProcessingSteps>
  <EntityDataProviders />
  <Languages>
    <Language>1033</Language>
    <Language>3082</Language>
    <Language>1025</Language>
    <Language>1027</Language>
    <Language>1043</Language>
    <Language>1036</Language>
    <Language>1031</Language>
    <Language>1041</Language>
  </Languages>
</ImportExportXml>