<appaction uniquename="ascentn__Mscrm.HomepageGrid.{!EntityLogicalName}.NavigateToHomepageGrid!ascentn_agilexrmapp!systemuser!1">
  <appmoduleid>
    <uniquename>ascentn_agilexrmapp</uniquename>
  </appmoduleid>
  <buttonlabeltext default="See all records">
    <label description="See all records" languagecode="1033" />
    <label description="See all records" languagecode="1025" />
    <label description="See all records" languagecode="1027" />
    <label description="See all records" languagecode="1031" />
    <label description="See all records" languagecode="3082" />
    <label description="See all records" languagecode="1036" />
    <label description="See all records" languagecode="1041" />
    <label description="See all records" languagecode="1043" />
  </buttonlabeltext>
  <buttontooltipdescription default="See all the entity records you have access to">
    <label description="See all the entity records you have access to" languagecode="1033" />
    <label description="See all the entity records you have access to" languagecode="1025" />
    <label description="See all the entity records you have access to" languagecode="1027" />
    <label description="See all the entity records you have access to" languagecode="1031" />
    <label description="See all the entity records you have access to" languagecode="3082" />
    <label description="See all the entity records you have access to" languagecode="1036" />
    <label description="See all the entity records you have access to" languagecode="1041" />
    <label description="See all the entity records you have access to" languagecode="1043" />
  </buttontooltipdescription>
  <buttontooltiptitle default="See all records">
    <label description="See all records" languagecode="1033" />
    <label description="See all records" languagecode="1025" />
    <label description="See all records" languagecode="1027" />
    <label description="See all records" languagecode="1031" />
    <label description="See all records" languagecode="3082" />
    <label description="See all records" languagecode="1036" />
    <label description="See all records" languagecode="1041" />
    <label description="See all records" languagecode="1043" />
  </buttontooltiptitle>
  <context>1</context>
  <contextentity>
    <logicalname>systemuser</logicalname>
  </contextentity>
  <contextvalue>systemuser</contextvalue>
  <fonticon>TableGroup</fonticon>
  <hidden>1</hidden>
  <iscustomizable>1</iscustomizable>
  <isdisabled>0</isdisabled>
  <isgrouptitlehidden>0</isgrouptitlehidden>
  <location>1</location>
  <name>Mscrm.HomepageGrid.{!EntityLogicalName}.NavigateToHomepageGrid</name>
  <onclickeventjavascriptfunctionname>XrmCore.Commands.NavigateToGrid.navigateToHomepageGrid</onclickeventjavascriptfunctionname>
  <onclickeventjavascriptparameters>[{"type":12,"value":null},{"type":8,"value":null}]</onclickeventjavascriptparameters>
  <onclickeventjavascriptwebresourceid>
    <webresourceid>adea1aea-b2aa-e611-80d6-00155d88c343</webresourceid>
  </onclickeventjavascriptwebresourceid>
  <onclickeventtype>2</onclickeventtype>
  <origin>2</origin>
  <sequence>1000110018.0000000000</sequence>
  <statecode>0</statecode>
  <statuscode>1</statuscode>
  <type>0</type>
  <visibilitytype>2</visibilitytype>
</appaction>