<appaction uniquename="ascentn__Mscrm.SubGrid.{!EntityLogicalName}.NewRecord!ascentn_agilexrmapp!ascentn_lifecycletask!3">
  <appmoduleid>
    <uniquename>ascentn_agilexrmapp</uniquename>
  </appmoduleid>
  <buttonlabeltext default="New {EntityLogicalNameMarker}">
    <label description="New {EntityLogicalNameMarker}" languagecode="1033" />
    <label description="New {EntityLogicalNameMarker}" languagecode="1025" />
    <label description="New {EntityLogicalNameMarker}" languagecode="1027" />
    <label description="New {EntityLogicalNameMarker}" languagecode="1031" />
    <label description="New {EntityLogicalNameMarker}" languagecode="3082" />
    <label description="New {EntityLogicalNameMarker}" languagecode="1036" />
    <label description="New {EntityLogicalNameMarker}" languagecode="1041" />
    <label description="New {EntityLogicalNameMarker}" languagecode="1043" />
  </buttonlabeltext>
  <buttontooltipdescription default="Create a new {EntityLogicalNameMarker} record.">
    <label description="Create a new {EntityLogicalNameMarker} record." languagecode="1033" />
    <label description="Create a new {EntityLogicalNameMarker} record." languagecode="1025" />
    <label description="Create a new {EntityLogicalNameMarker} record." languagecode="1027" />
    <label description="Create a new {EntityLogicalNameMarker} record." languagecode="1031" />
    <label description="Create a new {EntityLogicalNameMarker} record." languagecode="3082" />
    <label description="Create a new {EntityLogicalNameMarker} record." languagecode="1036" />
    <label description="Create a new {EntityLogicalNameMarker} record." languagecode="1041" />
    <label description="Create a new {EntityLogicalNameMarker} record." languagecode="1043" />
  </buttontooltipdescription>
  <buttontooltiptitle default="New {EntityLogicalNameMarker}">
    <label description="New {EntityLogicalNameMarker}" languagecode="1033" />
    <label description="New {EntityLogicalNameMarker}" languagecode="1025" />
    <label description="New {EntityLogicalNameMarker}" languagecode="1027" />
    <label description="New {EntityLogicalNameMarker}" languagecode="1031" />
    <label description="New {EntityLogicalNameMarker}" languagecode="3082" />
    <label description="New {EntityLogicalNameMarker}" languagecode="1036" />
    <label description="New {EntityLogicalNameMarker}" languagecode="1041" />
    <label description="New {EntityLogicalNameMarker}" languagecode="1043" />
  </buttontooltiptitle>
  <context>1</context>
  <contextentity>
    <logicalname>ascentn_lifecycletask</logicalname>
  </contextentity>
  <contextvalue>ascentn_lifecycletask</contextvalue>
  <fonticon>$clientsvg:Add</fonticon>
  <hidden>1</hidden>
  <iscustomizable>1</iscustomizable>
  <isdisabled>0</isdisabled>
  <isgrouptitlehidden>0</isgrouptitlehidden>
  <location>3</location>
  <name>Mscrm.SubGrid.{!EntityLogicalName}.NewRecord</name>
  <onclickeventjavascriptfunctionname>XrmCore.Commands.Open.openNewRecord</onclickeventjavascriptfunctionname>
  <onclickeventjavascriptparameters>[{"type":8,"value":null},{"type":12,"value":null}]</onclickeventjavascriptparameters>
  <onclickeventjavascriptwebresourceid>
    <webresourceid>adea1aea-b2aa-e611-80d6-00155d88c343</webresourceid>
  </onclickeventjavascriptwebresourceid>
  <onclickeventtype>2</onclickeventtype>
  <origin>2</origin>
  <sequence>100100010.0000000000</sequence>
  <statecode>0</statecode>
  <statuscode>1</statuscode>
  <type>0</type>
  <visibilitytype>2</visibilitytype>
</appaction>