<appaction uniquename="ascentn__Mscrm.HomepageGrid.{!EntityLogicalName}.SaveFiltersToCurrentSystemView!ascentn_agilexrmapp!ascentn_agiledialogsattachemnts!1">
  <appmoduleid>
    <uniquename>ascentn_agilexrmapp</uniquename>
  </appmoduleid>
  <buttonaccessibilitytext default="Save Filters to Current System View">
    <label description="Save Filters to Current System View" languagecode="1033" />
    <label description="Save Filters to Current System View" languagecode="1025" />
    <label description="Save Filters to Current System View" languagecode="1027" />
    <label description="Save Filters to Current System View" languagecode="1031" />
    <label description="Save Filters to Current System View" languagecode="3082" />
    <label description="Save Filters to Current System View" languagecode="1036" />
    <label description="Save Filters to Current System View" languagecode="1041" />
    <label description="Save Filters to Current System View" languagecode="1043" />
  </buttonaccessibilitytext>
  <buttonlabeltext default="Save Filters to Current System View">
    <label description="Save Filters to Current System View" languagecode="1033" />
    <label description="Save Filters to Current System View" languagecode="1025" />
    <label description="Save Filters to Current System View" languagecode="1027" />
    <label description="Save Filters to Current System View" languagecode="1031" />
    <label description="Save Filters to Current System View" languagecode="3082" />
    <label description="Save Filters to Current System View" languagecode="1036" />
    <label description="Save Filters to Current System View" languagecode="1041" />
    <label description="Save Filters to Current System View" languagecode="1043" />
  </buttonlabeltext>
  <buttontooltipdescription default="Save the filters for the current system view.">
    <label description="Save the filters for the current system view." languagecode="1033" />
    <label description="Save the filters for the current system view." languagecode="1025" />
    <label description="Save the filters for the current system view." languagecode="1027" />
    <label description="Save the filters for the current system view." languagecode="1031" />
    <label description="Save the filters for the current system view." languagecode="3082" />
    <label description="Save the filters for the current system view." languagecode="1036" />
    <label description="Save the filters for the current system view." languagecode="1041" />
    <label description="Save the filters for the current system view." languagecode="1043" />
  </buttontooltipdescription>
  <buttontooltiptitle default="Save Filters to Current System View">
    <label description="Save Filters to Current System View" languagecode="1033" />
    <label description="Save Filters to Current System View" languagecode="1025" />
    <label description="Save Filters to Current System View" languagecode="1027" />
    <label description="Save Filters to Current System View" languagecode="1031" />
    <label description="Save Filters to Current System View" languagecode="3082" />
    <label description="Save Filters to Current System View" languagecode="1036" />
    <label description="Save Filters to Current System View" languagecode="1041" />
    <label description="Save Filters to Current System View" languagecode="1043" />
  </buttontooltiptitle>
  <context>1</context>
  <contextentity>
    <logicalname>ascentn_agiledialogsattachemnts</logicalname>
  </contextentity>
  <contextvalue>ascentn_agiledialogsattachemnts</contextvalue>
  <hidden>1</hidden>
  <iscustomizable>1</iscustomizable>
  <isdisabled>0</isdisabled>
  <isgrouptitlehidden>0</isgrouptitlehidden>
  <location>1</location>
  <name>Mscrm.HomepageGrid.{!EntityLogicalName}.SaveFiltersToCurrentSystemView</name>
  <onclickeventtype>0</onclickeventtype>
  <origin>2</origin>
  <sequence>1300300030.0000000000</sequence>
  <statecode>0</statecode>
  <statuscode>1</statuscode>
  <type>0</type>
  <visibilitytype>2</visibilitytype>
</appaction>