<appaction uniquename="ascentn__Mscrm.HomepageGrid.{!EntityLogicalName}.RefreshButton!ascentn_agilexrmapp!contact!1">
  <appmoduleid>
    <uniquename>ascentn_agilexrmapp</uniquename>
  </appmoduleid>
  <buttonaccessibilitytext default="Refresh">
    <label description="Refresh" languagecode="1033" />
    <label description="Refresh" languagecode="1025" />
    <label description="Actualitza" languagecode="1027" />
    <label description="Aktualisieren" languagecode="1031" />
    <label description="Refrescar" languagecode="3082" />
    <label description="Rafraîchir" languagecode="1036" />
    <label description="リフレッシュ" languagecode="1041" />
    <label description="Vernieuwen" languagecode="1043" />
  </buttonaccessibilitytext>
  <buttonlabeltext default="Refresh">
    <label description="Refresh" languagecode="1033" />
    <label description="Refresh" languagecode="1025" />
    <label description="Actualitza" languagecode="1027" />
    <label description="Aktualisieren" languagecode="1031" />
    <label description="Refrescar" languagecode="3082" />
    <label description="Rafraîchir" languagecode="1036" />
    <label description="リフレッシュ" languagecode="1041" />
    <label description="Vernieuwen" languagecode="1043" />
  </buttonlabeltext>
  <buttontooltipdescription default="Refresh the view.">
    <label description="Refresh the view." languagecode="1033" />
    <label description="Refresh the view." languagecode="1025" />
    <label description="Refresh the view." languagecode="1027" />
    <label description="Refresh the view." languagecode="1031" />
    <label description="Refresh the view." languagecode="3082" />
    <label description="Refresh the view." languagecode="1036" />
    <label description="Refresh the view." languagecode="1041" />
    <label description="Refresh the view." languagecode="1043" />
  </buttontooltipdescription>
  <buttontooltiptitle default="Refresh">
    <label description="Refresh" languagecode="1033" />
    <label description="Refresh" languagecode="1025" />
    <label description="Actualitza" languagecode="1027" />
    <label description="Aktualisieren" languagecode="1031" />
    <label description="Refrescar" languagecode="3082" />
    <label description="Rafraîchir" languagecode="1036" />
    <label description="リフレッシュ" languagecode="1041" />
    <label description="Vernieuwen" languagecode="1043" />
  </buttontooltiptitle>
  <context>1</context>
  <contextentity>
    <logicalname>contact</logicalname>
  </contextentity>
  <contextvalue>contact</contextvalue>
  <hidden>1</hidden>
  <iscustomizable>1</iscustomizable>
  <isdisabled>0</isdisabled>
  <isgrouptitlehidden>0</isgrouptitlehidden>
  <location>1</location>
  <name>Mscrm.HomepageGrid.{!EntityLogicalName}.RefreshButton</name>
  <onclickeventtype>0</onclickeventtype>
  <origin>2</origin>
  <sequence>1100300010.0000000000</sequence>
  <statecode>0</statecode>
  <statuscode>1</statuscode>
  <type>0</type>
  <visibilitytype>2</visibilitytype>
</appaction>