<appaction uniquename="ascentn__Mscrm.SubGrid.{!EntityLogicalName}.Sharing!ascentn_agilexrmapp!ascentn_agilepointsystemtask!2">
  <appmoduleid>
    <uniquename>ascentn_agilexrmapp</uniquename>
  </appmoduleid>
  <buttonaccessibilitytext default="Share">
    <label description="Share" languagecode="1033" />
    <label description="Share" languagecode="1025" />
    <label description="Share" languagecode="1027" />
    <label description="Share" languagecode="1031" />
    <label description="Share" languagecode="3082" />
    <label description="Share" languagecode="1036" />
    <label description="Share" languagecode="1041" />
    <label description="Share" languagecode="1043" />
  </buttonaccessibilitytext>
  <buttonlabeltext default="Share">
    <label description="Share" languagecode="1033" />
    <label description="Share" languagecode="1025" />
    <label description="Share" languagecode="1027" />
    <label description="Share" languagecode="1031" />
    <label description="Share" languagecode="3082" />
    <label description="Share" languagecode="1036" />
    <label description="Share" languagecode="1041" />
    <label description="Share" languagecode="1043" />
  </buttonlabeltext>
  <buttontooltipdescription default="Share these {EntityLogicalNameCollectionMarker} with selected people or teams, but continue to own the records.">
    <label description="Share these {EntityLogicalNameCollectionMarker} with selected people or teams, but continue to own the records." languagecode="1033" />
    <label description="Share these {EntityLogicalNameCollectionMarker} with selected people or teams, but continue to own the records." languagecode="1025" />
    <label description="Share these {EntityLogicalNameCollectionMarker} with selected people or teams, but continue to own the records." languagecode="1027" />
    <label description="Share these {EntityLogicalNameCollectionMarker} with selected people or teams, but continue to own the records." languagecode="1031" />
    <label description="Share these {EntityLogicalNameCollectionMarker} with selected people or teams, but continue to own the records." languagecode="3082" />
    <label description="Share these {EntityLogicalNameCollectionMarker} with selected people or teams, but continue to own the records." languagecode="1036" />
    <label description="Share these {EntityLogicalNameCollectionMarker} with selected people or teams, but continue to own the records." languagecode="1041" />
    <label description="Share these {EntityLogicalNameCollectionMarker} with selected people or teams, but continue to own the records." languagecode="1043" />
  </buttontooltipdescription>
  <buttontooltiptitle default="Share">
    <label description="Share" languagecode="1033" />
    <label description="Share" languagecode="1025" />
    <label description="Share" languagecode="1027" />
    <label description="Share" languagecode="1031" />
    <label description="Share" languagecode="3082" />
    <label description="Share" languagecode="1036" />
    <label description="Share" languagecode="1041" />
    <label description="Share" languagecode="1043" />
  </buttontooltiptitle>
  <context>1</context>
  <contextentity>
    <logicalname>ascentn_agilepointsystemtask</logicalname>
  </contextentity>
  <contextvalue>ascentn_agilepointsystemtask</contextvalue>
  <fonticon>$clientsvg:Share</fonticon>
  <hidden>1</hidden>
  <iscustomizable>1</iscustomizable>
  <isdisabled>0</isdisabled>
  <isgrouptitlehidden>0</isgrouptitlehidden>
  <location>2</location>
  <name>Mscrm.SubGrid.{!EntityLogicalName}.Sharing</name>
  <onclickeventjavascriptfunctionname>XrmCore.Commands.Share.shareSelectedRecords</onclickeventjavascriptfunctionname>
  <onclickeventjavascriptparameters>[{"type":12,"value":null},{"type":24,"value":null},{"type":8,"value":null}]</onclickeventjavascriptparameters>
  <onclickeventjavascriptwebresourceid>
    <webresourceid>adea1aea-b2aa-e611-80d6-00155d88c343</webresourceid>
  </onclickeventjavascriptwebresourceid>
  <onclickeventtype>2</onclickeventtype>
  <origin>2</origin>
  <sequence>100300060.0000000000</sequence>
  <statecode>0</statecode>
  <statuscode>1</statuscode>
  <type>0</type>
  <visibilitytype>2</visibilitytype>
</appaction>