<appaction uniquename="ascentn__Mscrm.Form.{!EntityLogicalName}.Save!ascentn_agilexrmapp!ascentn_agilepointsystemtask!0">
  <appmoduleid>
    <uniquename>ascentn_agilexrmapp</uniquename>
  </appmoduleid>
  <buttonaccessibilitytext default="Save">
    <label description="Save" languagecode="1033" />
    <label description="Save" languagecode="1025" />
    <label description="Desa" languagecode="1027" />
    <label description="Speichern" languagecode="1031" />
    <label description="Guardar" languagecode="3082" />
    <label description="Sauvegarder" languagecode="1036" />
    <label description="保存" languagecode="1041" />
    <label description="Redden" languagecode="1043" />
  </buttonaccessibilitytext>
  <buttonlabeltext default="Save">
    <label description="Save" languagecode="1033" />
    <label description="Save" languagecode="1025" />
    <label description="Desa" languagecode="1027" />
    <label description="Speichern" languagecode="1031" />
    <label description="Guardar" languagecode="3082" />
    <label description="Sauvegarder" languagecode="1036" />
    <label description="保存" languagecode="1041" />
    <label description="Redden" languagecode="1043" />
  </buttonlabeltext>
  <buttontooltipdescription default="Save this {EntityLogicalNameMarker}.">
    <label description="Save this {EntityLogicalNameMarker}." languagecode="1033" />
    <label description="Save this {EntityLogicalNameMarker}." languagecode="1025" />
    <label description="Save this {EntityLogicalNameMarker}." languagecode="1027" />
    <label description="Save this {EntityLogicalNameMarker}." languagecode="1031" />
    <label description="Save this {EntityLogicalNameMarker}." languagecode="3082" />
    <label description="Save this {EntityLogicalNameMarker}." languagecode="1036" />
    <label description="Save this {EntityLogicalNameMarker}." languagecode="1041" />
    <label description="Save this {EntityLogicalNameMarker}." languagecode="1043" />
  </buttontooltipdescription>
  <buttontooltiptitle default="Save (CTRL+S)">
    <label description="Save (CTRL+S)" languagecode="1033" />
    <label description="Save (CTRL+S)" languagecode="1025" />
    <label description="Save (CTRL+S)" languagecode="1027" />
    <label description="Save (CTRL+S)" languagecode="1031" />
    <label description="Save (CTRL+S)" languagecode="3082" />
    <label description="Save (CTRL+S)" languagecode="1036" />
    <label description="Save (CTRL+S)" languagecode="1041" />
    <label description="Save (CTRL+S)" languagecode="1043" />
  </buttontooltiptitle>
  <context>1</context>
  <contextentity>
    <logicalname>ascentn_agilepointsystemtask</logicalname>
  </contextentity>
  <contextvalue>ascentn_agilepointsystemtask</contextvalue>
  <fonticon>$clientsvg:Save</fonticon>
  <hidden>1</hidden>
  <iscustomizable>1</iscustomizable>
  <isdisabled>0</isdisabled>
  <isgrouptitlehidden>0</isgrouptitlehidden>
  <location>0</location>
  <name>Mscrm.Form.{!EntityLogicalName}.Save</name>
  <onclickeventjavascriptfunctionname>XrmCore.Commands.Save.saveForm</onclickeventjavascriptfunctionname>
  <onclickeventjavascriptparameters>[{"type":5,"value":null}]</onclickeventjavascriptparameters>
  <onclickeventjavascriptwebresourceid>
    <webresourceid>adea1aea-b2aa-e611-80d6-00155d88c343</webresourceid>
  </onclickeventjavascriptwebresourceid>
  <onclickeventtype>2</onclickeventtype>
  <origin>2</origin>
  <sequence>100100010.0000000000</sequence>
  <statecode>0</statecode>
  <statuscode>1</statuscode>
  <type>0</type>
  <visibilitytype>2</visibilitytype>
</appaction>