<ImportExportXml xmlns:xsi="http://www.w3.org/2001/XMLSchema-instance" OrganizationVersion="9.2.25024.206" OrganizationSchemaType="Standard" CRMServerServiceabilityVersion="9.2.25031.00212">
  <Entities></Entities>
  <Roles></Roles>
  <Workflows></Workflows>
  <FieldSecurityProfiles></FieldSecurityProfiles>
  <Templates />
  <EntityMaps />
  <EntityRelationships />
  <OrganizationSettings />
  <optionsets />
  <WebResources>
    <WebResource>
      <WebResourceId>{b72cf363-ec0b-f011-bae2-6045bde16962}</WebResourceId>
      <Name>axrmapps_SLAIcon</Name>
      <DisplayName>SLAIcon</DisplayName>
      <WebResourceType>5</WebResourceType>
      <IntroducedVersion>1.0.0.0</IntroducedVersion>
      <IsEnabledForMobileClient>0</IsEnabledForMobileClient>
      <IsAvailableForMobileOffline>0</IsAvailableForMobileOffline>
      <IsCustomizable>1</IsCustomizable>
      <CanBeDeleted>1</CanBeDeleted>
      <IsHidden>0</IsHidden>
      <FileName>/WebResources/axrmapps_SLAIconB72CF363-EC0B-F011-BAE2-6045BDE16962</FileName>
    </WebResource>
  </WebResources>
  <CustomControls />
  <AppModuleSiteMaps>
    <AppModuleSiteMap>
      <SiteMapUniqueName>axrmapps_SLAManagement</SiteMapUniqueName>
      <EnableCollapsibleGroups>False</EnableCollapsibleGroups>
      <ShowHome>True</ShowHome>
      <ShowPinned>True</ShowPinned>
      <ShowRecents>True</ShowRecents>
      <SiteMap IntroducedVersion="7.0.0.0">
        <Area Id="area_c30b69ba" ResourceId="SitemapDesigner.NewTitle" DescriptionResourceId="SitemapDesigner.NewTitle" ShowGroups="true" IntroducedVersion="7.0.0.0">
          <Titles>
            <Title LCID="1033" Title="Area1" />
          </Titles>
          <Group Id="group_4d1b7169" ResourceId="SitemapDesigner.NewGroup" DescriptionResourceId="SitemapDesigner.NewGroup" IntroducedVersion="7.0.0.0" IsProfile="false" ToolTipResourseId="SitemapDesigner.Unknown">
            <Titles>
              <Title LCID="1033" Title="Calendars" />
            </Titles>
            <SubArea Id="subarea_3dab6485" ResourceId="SitemapDesigner.NewSubArea" Icon="/_imgs/imagestrips/transparent_spacer.gif" Url="/main.aspx?app=d365default&amp;forceUCI=1&amp;pagetype=entitylist&amp;etn=calendar&amp;viewid=f4d446e0-3749-4ba4-9c85-eab861eafdfc&amp;viewType=1039" Client="All,Outlook,OutlookLaptopClient,OutlookWorkstationClient,Web" AvailableOffline="true" PassParams="false" Sku="All,OnPremise,Live,SPLA">
              <Titles>
                <Title LCID="1033" Title="Customer Service's Caledars" />
              </Titles>
            </SubArea>
            <SubArea Id="subarea_c65bc209" ResourceId="SitemapDesigner.NewSubArea" Icon="/_imgs/imagestrips/transparent_spacer.gif" Url="/main.aspx?app=d365default&amp;forceUCI=1&amp;pagetype=entitylist&amp;etn=calendar&amp;viewid=06453a1d-9288-4f0e-9351-819d619ecb5f&amp;viewType=1039" Client="All,Outlook,OutlookLaptopClient,OutlookWorkstationClient,Web" AvailableOffline="true" PassParams="false" Sku="All,OnPremise,Live,SPLA">
              <Titles>
                <Title LCID="1033" Title="Holiday Schedules" />
              </Titles>
            </SubArea>
          </Group>
          <Group Id="group_3735d656" ResourceId="SitemapDesigner.NewGroup" DescriptionResourceId="SitemapDesigner.NewGroup" IntroducedVersion="7.0.0.0" IsProfile="false" ToolTipResourseId="SitemapDesigner.Unknown">
            <Titles>
              <Title LCID="1033" Title="SLA Dessign" />
            </Titles>
            <SubArea Id="subarea_b9e87655" Icon="/_imgs/imagestrips/transparent_spacer.gif" Entity="msdyn_slakpi" Client="All,Outlook,OutlookLaptopClient,OutlookWorkstationClient,Web" AvailableOffline="true" PassParams="false" Sku="All,OnPremise,Live,SPLA" />
            <SubArea Id="subarea_8d452461" Icon="/_imgs/imagestrips/transparent_spacer.gif" Entity="sla" Client="All,Outlook,OutlookLaptopClient,OutlookWorkstationClient,Web" AvailableOffline="true" PassParams="false" Sku="All,OnPremise,Live,SPLA" />
            <SubArea Id="subarea_bc4db006" Icon="/_imgs/imagestrips/transparent_spacer.gif" Entity="slaitem" Client="All,Outlook,OutlookLaptopClient,OutlookWorkstationClient,Web" AvailableOffline="true" PassParams="false" Sku="All,OnPremise,Live,SPLA" />
          </Group>
          <Group Id="group_4dfcedc8" ResourceId="SitemapDesigner.NewGroup" DescriptionResourceId="SitemapDesigner.NewGroup" IntroducedVersion="7.0.0.0" IsProfile="false" ToolTipResourseId="SitemapDesigner.Unknown">
            <Titles>
              <Title LCID="1033" Title="SLA Runtime" />
            </Titles>
            <SubArea Id="subarea_16a36b77" Icon="/_imgs/imagestrips/transparent_spacer.gif" Entity="slakpiinstance" Client="All,Outlook,OutlookLaptopClient,OutlookWorkstationClient,Web" AvailableOffline="true" PassParams="false" Sku="All,OnPremise,Live,SPLA" />
          </Group>
        </Area>
      </SiteMap>
      <LocalizedNames>
        <LocalizedName description="SLA Management" languagecode="1033" />
      </LocalizedNames>
    </AppModuleSiteMap>
  </AppModuleSiteMaps>
  <AppModules>
    <AppModule>
      <UniqueName>axrmapps_SLAManagement</UniqueName>
      <IntroducedVersion>1.0.0.1</IntroducedVersion>
      <WebResourceId>b72cf363-ec0b-f011-bae2-6045bde16962</WebResourceId>
      <OptimizedFor></OptimizedFor>
      <statecode>0</statecode>
      <statuscode>1</statuscode>
      <FormFactor>1</FormFactor>
      <ClientType>4</ClientType>
      <NavigationType>0</NavigationType>
      <AppModuleComponents>
        <AppModuleComponent type="1" schemaName="msdyn_slakpi" />
        <AppModuleComponent type="1" schemaName="slaitem" />
        <AppModuleComponent type="1" schemaName="slakpiinstance" />
        <AppModuleComponent type="1" schemaName="sla" />
        <AppModuleComponent type="62" schemaName="axrmapps_SLAManagement" />
        <AppModuleComponent type="26" id="{9a100fa0-81cb-4b96-a1f3-069d10fea6d7}" />
        <AppModuleComponent type="26" id="{e3dfbff6-bdef-4f9f-86ab-3c95117613c2}" />
      </AppModuleComponents>
      <AppModuleRoleMaps>
        <Role id="{627090ff-40a3-4053-8790-584edc5be201}" />
        <Role id="{119f245c-3cc8-4b62-b31c-d1a046ced15d}" />
      </AppModuleRoleMaps>
      <LocalizedNames>
        <LocalizedName description="SLA Management" languagecode="1033" />
      </LocalizedNames>
      <appsettings>
        <appsetting settingdefinitionid.uniquename="AppChannel">
          <iscustomizable>1</iscustomizable>
          <value>1</value>
        </appsetting>
      </appsettings>
    </AppModule>
  </AppModules>
  <EntityDataProviders />
  <Languages>
    <Language>1033</Language>
  </Languages>
</ImportExportXml>