<ImportExportXml version="9.2.25024.206" SolutionPackageVersion="9.2" languagecode="1033" generatedBy="CrmLive" xmlns:xsi="http://www.w3.org/2001/XMLSchema-instance" OrganizationVersion="9.2.25024.206" OrganizationSchemaType="Standard" CRMServerServiceabilityVersion="9.2.25031.00212">
  <SolutionManifest>
    <UniqueName>AgileXRMSLAManagement</UniqueName>
    <LocalizedNames>
      <LocalizedName description="AgileXRM SLA Management" languagecode="1033" />
    </LocalizedNames>
    <Descriptions />
    <Version>1.0.0.0</Version>
    <Managed>1</Managed>
    <Publisher>
      <UniqueName>agilexrmapps</UniqueName>
      <LocalizedNames>
        <LocalizedName description="AgileXRM Apps" languagecode="1033" />
      </LocalizedNames>
      <Descriptions />
      <EMailAddress xsi:nil="true"></EMailAddress>
      <SupportingWebsiteUrl xsi:nil="true"></SupportingWebsiteUrl>
      <CustomizationPrefix>axrmapps</CustomizationPrefix>
      <CustomizationOptionValuePrefix>94740</CustomizationOptionValuePrefix>
      <Addresses>
        <Address>
          <AddressNumber>1</AddressNumber>
          <AddressTypeCode>1</AddressTypeCode>
          <City xsi:nil="true"></City>
          <County xsi:nil="true"></County>
          <Country xsi:nil="true"></Country>
          <Fax xsi:nil="true"></Fax>
          <FreightTermsCode xsi:nil="true"></FreightTermsCode>
          <ImportSequenceNumber xsi:nil="true"></ImportSequenceNumber>
          <Latitude xsi:nil="true"></Latitude>
          <Line1 xsi:nil="true"></Line1>
          <Line2 xsi:nil="true"></Line2>
          <Line3 xsi:nil="true"></Line3>
          <Longitude xsi:nil="true"></Longitude>
          <Name xsi:nil="true"></Name>
          <PostalCode xsi:nil="true"></PostalCode>
          <PostOfficeBox xsi:nil="true"></PostOfficeBox>
          <PrimaryContactName xsi:nil="true"></PrimaryContactName>
          <ShippingMethodCode>1</ShippingMethodCode>
          <StateOrProvince xsi:nil="true"></StateOrProvince>
          <Telephone1 xsi:nil="true"></Telephone1>
          <Telephone2 xsi:nil="true"></Telephone2>
          <Telephone3 xsi:nil="true"></Telephone3>
          <TimeZoneRuleVersionNumber xsi:nil="true"></TimeZoneRuleVersionNumber>
          <UPSZone xsi:nil="true"></UPSZone>
          <UTCOffset xsi:nil="true"></UTCOffset>
          <UTCConversionTimeZoneCode xsi:nil="true"></UTCConversionTimeZoneCode>
        </Address>
        <Address>
          <AddressNumber>2</AddressNumber>
          <AddressTypeCode>1</AddressTypeCode>
          <City xsi:nil="true"></City>
          <County xsi:nil="true"></County>
          <Country xsi:nil="true"></Country>
          <Fax xsi:nil="true"></Fax>
          <FreightTermsCode xsi:nil="true"></FreightTermsCode>
          <ImportSequenceNumber xsi:nil="true"></ImportSequenceNumber>
          <Latitude xsi:nil="true"></Latitude>
          <Line1 xsi:nil="true"></Line1>
          <Line2 xsi:nil="true"></Line2>
          <Line3 xsi:nil="true"></Line3>
          <Longitude xsi:nil="true"></Longitude>
          <Name xsi:nil="true"></Name>
          <PostalCode xsi:nil="true"></PostalCode>
          <PostOfficeBox xsi:nil="true"></PostOfficeBox>
          <PrimaryContactName xsi:nil="true"></PrimaryContactName>
          <ShippingMethodCode>1</ShippingMethodCode>
          <StateOrProvince xsi:nil="true"></StateOrProvince>
          <Telephone1 xsi:nil="true"></Telephone1>
          <Telephone2 xsi:nil="true"></Telephone2>
          <Telephone3 xsi:nil="true"></Telephone3>
          <TimeZoneRuleVersionNumber xsi:nil="true"></TimeZoneRuleVersionNumber>
          <UPSZone xsi:nil="true"></UPSZone>
          <UTCOffset xsi:nil="true"></UTCOffset>
          <UTCConversionTimeZoneCode xsi:nil="true"></UTCConversionTimeZoneCode>
        </Address>
      </Addresses>
    </Publisher>
    <RootComponents>
      <RootComponent type="62" schemaName="axrmapps_SLAManagement" behavior="0" />
      <RootComponent type="80" schemaName="axrmapps_SLAManagement" behavior="0" />
    </RootComponents>
    <MissingDependencies>
      <MissingDependency>
        <Required type="1" schemaName="msdyn_slakpi" displayName="SLA KPI" solution="msdynce_ServiceLevelAgreementExtension (9.0.25023.2000)">
          <package appName="msdynce_ServiceLevelAgreement" version="9.0.25023.2000">msdynce_ServiceLevelAgreementAnchor (9.0.25023.2000)</package>
        </Required>
        <Dependent type="62" schemaName="axrmapps_SLAManagement" />
      </MissingDependency>
      <MissingDependency>
        <Required type="1" schemaName="msdyn_slakpi" displayName="SLA KPI" solution="msdynce_ServiceLevelAgreementExtension (9.0.25023.2000)">
          <package appName="msdynce_ServiceLevelAgreement" version="9.0.25023.2000">msdynce_ServiceLevelAgreementAnchor (9.0.25023.2000)</package>
        </Required>
        <Dependent type="80" schemaName="axrmapps_SLAManagement" displayName="SLA Management" />
      </MissingDependency>
      <MissingDependency>
        <Required type="26" schemaName="Active SLAKPIs" displayName="Active SLAKPIs" parentSchemaName="msdyn_slakpi" parentDisplayName="SLA KPI" solution="msdynce_ServiceLevelAgreementExtension (9.0.25023.2000)" id="{9a100fa0-81cb-4b96-a1f3-069d10fea6d7}">
          <package appName="msdynce_ServiceLevelAgreement" version="9.0.25023.2000">msdynce_ServiceLevelAgreementAnchor (9.0.25023.2000)</package>
        </Required>
        <Dependent type="80" schemaName="axrmapps_SLAManagement" displayName="SLA Management" />
      </MissingDependency>
      <MissingDependency>
        <Required type="26" schemaName="Inactive SLAKPIs" displayName="Inactive SLAKPIs" parentSchemaName="msdyn_slakpi" parentDisplayName="SLA KPI" solution="msdynce_ServiceLevelAgreementExtension (9.0.25023.2000)" id="{e3dfbff6-bdef-4f9f-86ab-3c95117613c2}">
          <package appName="msdynce_ServiceLevelAgreement" version="9.0.25023.2000">msdynce_ServiceLevelAgreementAnchor (9.0.25023.2000)</package>
        </Required>
        <Dependent type="80" schemaName="axrmapps_SLAManagement" displayName="SLA Management" />
      </MissingDependency>
      <MissingDependency>
        <Required type="61" schemaName="cc_MscrmControls.SlaTimer.SlaTimerControl/img/InProgress.svg" displayName="cc_MscrmControls.SlaTimer.SlaTimerControl/img/InProgress.svg" solution="msdynce_ServiceLevelAgreementExtension (9.0.25023.2000)">
          <package appName="msdynce_ServiceLevelAgreement" version="9.0.25023.2000">msdynce_ServiceLevelAgreementAnchor (9.0.25023.2000)</package>
        </Required>
        <Dependent type="80" schemaName="axrmapps_SLAManagement" displayName="SLA Management" />
      </MissingDependency>
      <MissingDependency>
        <Required type="SettingDefinition" displayName="AppChannel" solution="msdyn_AppFrameworkInfraExtensions (1.0.0.12)" id.uniquename="AppChannel">
          <package appName="PowerAppsAppFramework Package" version="1.0.0.16">PowerAppsAppFramework_Anchor (1.0.0.16)</package>
        </Required>
        <Dependent type="AppSetting" displayName="parentappmoduleid.uniquename=axrmapps_SLAManagement,settingdefinitionid.uniquename=AppChannel" id.parentappmoduleid.uniquename="axrmapps_SLAManagement" id.settingdefinitionid.uniquename="AppChannel" />
      </MissingDependency>
    </MissingDependencies>
  </SolutionManifest>
</ImportExportXml>