<appaction uniquename="ascentn__Mscrm.Form.{!EntityLogicalName}.SaveAsComplete!ascentn_agilexrmapp!contact!0">
  <appmoduleid>
    <uniquename>ascentn_agilexrmapp</uniquename>
  </appmoduleid>
  <buttonaccessibilitytext default="Mark Complete">
    <label description="Mark Complete" languagecode="1033" />
    <label description="Mark Complete" languagecode="1025" />
    <label description="Mark Complete" languagecode="1027" />
    <label description="Mark Complete" languagecode="1031" />
    <label description="Mark Complete" languagecode="3082" />
    <label description="Mark Complete" languagecode="1036" />
    <label description="Mark Complete" languagecode="1041" />
    <label description="Mark Complete" languagecode="1043" />
  </buttonaccessibilitytext>
  <buttonlabeltext default="Mark Complete">
    <label description="Mark Complete" languagecode="1033" />
    <label description="Mark Complete" languagecode="1025" />
    <label description="Mark Complete" languagecode="1027" />
    <label description="Mark Complete" languagecode="1031" />
    <label description="Mark Complete" languagecode="3082" />
    <label description="Mark Complete" languagecode="1036" />
    <label description="Mark Complete" languagecode="1041" />
    <label description="Mark Complete" languagecode="1043" />
  </buttonlabeltext>
  <buttontooltipdescription default="Save the {EntityLogicalNameMarker} and change the status to Completed.">
    <label description="Save the {EntityLogicalNameMarker} and change the status to Completed." languagecode="1033" />
    <label description="Save the {EntityLogicalNameMarker} and change the status to Completed." languagecode="1025" />
    <label description="Save the {EntityLogicalNameMarker} and change the status to Completed." languagecode="1027" />
    <label description="Save the {EntityLogicalNameMarker} and change the status to Completed." languagecode="1031" />
    <label description="Save the {EntityLogicalNameMarker} and change the status to Completed." languagecode="3082" />
    <label description="Save the {EntityLogicalNameMarker} and change the status to Completed." languagecode="1036" />
    <label description="Save the {EntityLogicalNameMarker} and change the status to Completed." languagecode="1041" />
    <label description="Save the {EntityLogicalNameMarker} and change the status to Completed." languagecode="1043" />
  </buttontooltipdescription>
  <buttontooltiptitle default="Mark Complete">
    <label description="Mark Complete" languagecode="1033" />
    <label description="Mark Complete" languagecode="1025" />
    <label description="Mark Complete" languagecode="1027" />
    <label description="Mark Complete" languagecode="1031" />
    <label description="Mark Complete" languagecode="3082" />
    <label description="Mark Complete" languagecode="1036" />
    <label description="Mark Complete" languagecode="1041" />
    <label description="Mark Complete" languagecode="1043" />
  </buttontooltiptitle>
  <context>1</context>
  <contextentity>
    <logicalname>contact</logicalname>
  </contextentity>
  <contextvalue>contact</contextvalue>
  <fonticon>$clientsvg:Accept</fonticon>
  <hidden>1</hidden>
  <iscustomizable>1</iscustomizable>
  <isdisabled>0</isdisabled>
  <isgrouptitlehidden>0</isgrouptitlehidden>
  <location>0</location>
  <name>Mscrm.Form.{!EntityLogicalName}.SaveAsComplete</name>
  <onclickeventjavascriptfunctionname>XrmCore.Commands.Save.saveAsCompleted</onclickeventjavascriptfunctionname>
  <onclickeventjavascriptparameters>[]</onclickeventjavascriptparameters>
  <onclickeventjavascriptwebresourceid>
    <webresourceid>adea1aea-b2aa-e611-80d6-00155d88c343</webresourceid>
  </onclickeventjavascriptwebresourceid>
  <onclickeventtype>2</onclickeventtype>
  <origin>2</origin>
  <sequence>100100020.0000000000</sequence>
  <statecode>0</statecode>
  <statuscode>1</statuscode>
  <type>0</type>
  <visibilitytype>2</visibilitytype>
</appaction>